<?xml version="1.0" encoding="UTF-8"?>

<!--
SPDX-FileCopyrightText: Simon Schneegans <code@simonschneegans.de>
SPDX-License-Identifier: CC0-1.0
-->

<schemalist>

  <!-- - - - - - - - - - - - - - - - - - - - - - - - - - - - - - - - - - - - - - - - - -->
  <!--                                enums                                            -->
  <!-- - - - - - - - - - - - - - - - - - - - - - - - - - - - - - - - - - - - - - - - - -->

  <enum id='org.gnome.shell.extensions.flypie.CenterColorMode'>
    <value value='0' nick='fixed' />
    <value value='1' nick='auto' />
  </enum>

  <enum id='org.gnome.shell.extensions.flypie.ChildColorMode'>
    <value value='0' nick='fixed' />
    <value value='1' nick='auto' />
    <value value='2' nick='parent' />
  </enum>

  <enum id='org.gnome.shell.extensions.flypie.GrandchildColorMode'>
    <value value='0' nick='fixed' />
    <value value='1' nick='parent' />
  </enum>

  <enum id='org.gnome.shell.extensions.flypie.EasingMode'>
    <value value='1' nick='linear' />
    <value value='36' nick='ease' />
    <value value='37' nick='ease-in' />
    <value value='38' nick='ease-out' />
    <value value='39' nick='ease-in-out,' />
    <value value='2' nick='ease-in-quad' />
    <value value='3' nick='ease-out-quad' />
    <value value='4' nick='ease-in-out-quad' />
    <value value='26' nick='ease-in-back' />
    <value value='27' nick='ease-out-back' />
    <value value='28' nick='ease-in-out-back' />
  </enum>


  <schema path="/org/gnome/shell/extensions/flypie/" id="org.gnome.shell.extensions.flypie">

    <!-- - - - - - - - - - - - - - - - - - - - - - - - - - - - - - - - - - - - - - - - -->
    <!--                            settings                                           -->
    <!-- - - - - - - - - - - - - - - - - - - - - - - - - - - - - - - - - - - - - - - - -->

    <key name="menu-configuration" type="s">
      <default>"[]"</default>
      <summary>Menu Configuration</summary>
      <description>A JSON representation of all configured menus.</description>
    </key>

    <key name="stashed-items" type="s">
      <default>"[]"</default>
      <summary>Stashed Items</summary>
      <description>A JSON representation of all stashed items.</description>
    </key>


    <!-- General Settings -->

    <key name="global-scale" type="d">
      <default>1.0</default>
      <summary>Global Scale</summary>
      <description>A global scale factor for the menu.</description>
    </key>

    <key name="easing-duration" type="d">
      <default>0.25</default>
      <summary>Easing Duration</summary>
      <description>The base easing duration in seconds.</description>
    </key>

    <key name="easing-mode" enum="org.gnome.shell.extensions.flypie.EasingMode">
      <default>"ease-out"</default>
      <summary>Easing Mode</summary>
      <description>The easing mode used for position and scale transitions.</description>
    </key>

    <key name="background-color" type="s">
      <default>"rgba(0, 0, 0, 0.13)"</default>
      <summary>Background Color</summary>
      <description>The color of the menu backdrop.</description>
    </key>

    <key name="text-color" type="s">
      <default>"rgb(238, 238, 238)"</default>
      <summary>Text Color</summary>
      <description>The color of the center item text.</description>
    </key>

    <key name="font" type="s">
      <default>"Cantarell 11"</default>
      <summary>Font</summary>
      <description>The font used for the center item.</description>
    </key>

    <key name="label-font" type="s">
      <default>"Cantarell 8"</default>
      <summary>Font</summary>
      <description>The font used for the child labels.</description>
    </key>
    <!-- Wedge Settings -->

    <key name="wedge-width" type="d">
      <default>300</default>
      <summary>Wedge Width</summary>
      <description>The width of the wedges in pixels.</description>
    </key>

    <key name="wedge-inner-radius" type="d">
      <default>51</default>
      <summary>Wedge Inner Radius</summary>
      <description>The inner radius of the wedges in pixels.</description>
    </key>

    <key name="wedge-color" type="s">
      <default>"rgba(0, 0, 0, 0.13)"</default>
      <summary>Wedge Color</summary>
      <description>The color of the menu's inactive wedges.</description>
    </key>

    <key name="wedge-color-hover" type="s">
      <default>"rgba(255, 255, 255, 0.014)"</default>
      <summary>Wedge Color Hover</summary>
      <description>The color of the menu's active wedges.</description>
    </key>

    <key name="wedge-separator-color" type="s">
      <default>"rgba(38, 38, 38, 0.32)"</default>
      <summary>Wedge Separator Color</summary>
      <description>The color of the separators between the menu's wedges.</description>
    </key>

    <key name="wedge-separator-width" type="d">
      <default>1</default>
      <summary>Wedge Separator Width</summary>
      <description>The width of the separators between the menu's wedges.</description>
    </key>


    <!-- Center Item Settings -->

    <key name="center-color-mode" enum="org.gnome.shell.extensions.flypie.CenterColorMode">
      <default>"fixed"</default>
      <summary>Center Color Mode</summary>
      <description>If set to auto, the menu's center element will be colored
                   according to its icon. Else the 'center-color' will be used.</description>
    </key>
    <key name="center-color-mode-hover" enum="org.gnome.shell.extensions.flypie.CenterColorMode">
      <default>"fixed"</default>
      <summary>Center Color Mode Hover</summary>
      <description>If set to auto, the menu's center element will be colored
                   according to its icon. Else the 'center-color' will be used.</description>
    </key>

    <key name="center-fixed-color" type="s">
      <default>"rgba(255, 255, 255, 0)"</default>
      <summary>Center Color</summary>
      <description>The color of the menu's center element.</description>
    </key>
    <key name="center-fixed-color-hover" type="s">
      <default>"rgba(255, 255, 255, 0)"</default>
      <summary>Center Color Hover</summary>
      <description>The color of the menu's center element when a child is hovered.</description>
    </key>

    <key name="center-auto-color-saturation" type="d">
      <default>0.75</default>
      <summary>Center Auto Color Saturation</summary>
      <description>The saturation of automatically generated item colors.</description>
    </key>
    <key name="center-auto-color-saturation-hover" type="d">
      <default>0.75</default>
      <summary>Center Auto Color Saturation Hover</summary>
      <description>The saturation of automatically generated item colors when a child is hovered.</description>
    </key>

    <key name="center-auto-color-luminance" type="d">
      <default>0.8</default>
      <summary>Center Auto Color Luminance</summary>
      <description>The luminance of automatically generated item colors.</description>
    </key>
    <key name="center-auto-color-luminance-hover" type="d">
      <default>0.8</default>
      <summary>Center Auto Color Luminance Hover</summary>
      <description>The luminance of automatically generated item colors when a child is hovered.</description>
    </key>

    <key name="center-auto-color-opacity" type="d">
      <default>0</default>
      <summary>Center Auto Color Opacity</summary>
      <description>The opacity value of automatically generated item colors.</description>
    </key>
    <key name="center-auto-color-opacity-hover" type="d">
      <default>0</default>
      <summary>Center Auto Color Opacity Hover</summary>
      <description>The opacity value of automatically generated item colors when a child is hovered.</description>
    </key>

    <key name="center-size" type="d">
      <default>109</default>
      <summary>Center Size</summary>
      <description>The size of the center element in pixels.</description>
    </key>
    <key name="center-size-hover" type="d">
      <default>109</default>
      <summary>Center Size Hover</summary>
      <description>The size of the center element in pixels when a child is hovered.</description>
    </key>

    <key name="center-icon-scale" type="d">
      <default>0.55</default>
      <summary>Center Icon Scale</summary>
      <description>A scale factor for the center icon.</description>
    </key>
    <key name="center-icon-scale-hover" type="d">
      <default>0.78</default>
      <summary>Center Icon Scale Hover</summary>
      <description>A scale factor for the center icon when a child is hovered.</description>
    </key>

    <key name="center-icon-crop" type="d">
      <default>0.93</default>
      <summary>Center Icon Crop</summary>
      <description>A crop factor for the center icon.</description>
    </key>
    <key name="center-icon-crop-hover" type="d">
      <default>0.75</default>
      <summary>Center Icon Crop Hover</summary>
      <description>A crop factor for the center icon when a child is hovered.</description>
    </key>

    <key name="center-icon-opacity" type="d">
      <default>0</default>
      <summary>Center Icon Opacity</summary>
      <description>The opacity of center icons.</description>
    </key>
    <key name="center-icon-opacity-hover" type="d">
      <default>1.0</default>
      <summary>Center Icon Opacity Hover</summary>
      <description>The opacity of center icons when hovered.</description>
    </key>

    <key name="center-background-image" type="s">
      <default>"assets/default.svg"</default>
      <summary>Background Image File Path</summary>
      <description>Relative or absolute path to the background image.</description>
    </key>
    <key name="center-background-image-hover" type="s">
      <default>"assets/default.svg"</default>
      <summary>Background Image File Path Hover</summary>
      <description>Relative or absolute path to the background image when hovered.</description>
    </key>


    <!-- Child Item Settings -->

    <key name="child-color-mode" enum="org.gnome.shell.extensions.flypie.ChildColorMode">
      <default>"fixed"</default>
      <summary>Child Color Mode</summary>
      <description>If set to auto, the menu's child elements will be colored
                   according to their icons. Else the 'child-color' will be
                   used.</description>
    </key>
    <key name="child-color-mode-hover" enum="org.gnome.shell.extensions.flypie.ChildColorMode">
      <default>"auto"</default>
      <summary>Child Color Mode Hover</summary>
      <description>If set to auto, the menu's child elements will be colored
                   according to their icons. Else the 'child-color' will be
                   used.</description>
    </key>

    <key name="child-fixed-color" type="s">
      <default>"rgba(255, 255, 255, 0)"</default>
      <summary>Child Color</summary>
      <description>The color of the menu's child element.</description>
    </key>
    <key name="child-fixed-color-hover" type="s">
      <default>"rgba(255, 255, 255, 0)"</default>
      <summary>Child Color Hover</summary>
      <description>The color of the menu's child element when hovered.</description>
    </key>

    <key name="child-auto-color-saturation" type="d">
      <default>0.26</default>
      <summary>Child Auto Color Saturation</summary>
      <description>The saturation of automatically generated item colors.</description>
    </key>
    <key name="child-auto-color-saturation-hover" type="d">
      <default>0.9</default>
      <summary>Child Auto Color Saturation Hover</summary>
      <description>The saturation of automatically generated item colors when hovered.</description>
    </key>

    <key name="child-auto-color-luminance" type="d">
      <default>0.17</default>
      <summary>Child Auto Color Luminance</summary>
      <description>The luminance of automatically generated item colors.</description>
    </key>
    <key name="child-auto-color-luminance-hover" type="d">
      <default>0.2</default>
      <summary>Child Auto Color Luminance Hover</summary>
      <description>The luminance of automatically generated item colors when hovered.</description>
    </key>

    <key name="child-auto-color-opacity" type="d">
      <default>1.0</default>
      <summary>Child Auto Color Opacity</summary>
      <description>The opacity value of automatically generated item colors.</description>
    </key>
    <key name="child-auto-color-opacity-hover" type="d">
      <default>1.0</default>
      <summary>Child Auto Color Opacity Hover</summary>
      <description>The opacity value of automatically generated item colors when hovered.</description>
    </key>

    <key name="child-size" type="d">
      <default>58</default>
      <summary>Child Size</summary>
      <description>The size of the children elements in pixels.</description>
    </key>
    <key name="child-size-hover" type="d">
      <default>66</default>
      <summary>Child Size Hover</summary>
      <description>The size of the children elements in pixels when hovered.</description>
    </key>

    <key name="child-offset" type="d">
      <default>106</default>
      <summary>Child Offset</summary>
      <description>The offset of the children elements in pixels.</description>
    </key>
    <key name="child-offset-hover" type="d">
      <default>113</default>
      <summary>Child Offset Hover</summary>
      <description>The offset of the children elements in pixels when hovered.</description>
    </key>

    <key name="child-icon-scale" type="d">
      <default>0.73</default>
      <summary>Child Icon Scale</summary>
      <description>A scale factor for child icons.</description>
    </key>
    <key name="child-icon-scale-hover" type="d">
      <default>0.73</default>
      <summary>Child Icon Scale Hover</summary>
      <description>A scale factor for child icons when hovered.</description>
    </key>

    <key name="child-icon-crop" type="d">
      <default>0.8</default>
      <summary>Child Icon Crop</summary>
      <description>A crop factor for the child icon.</description>
    </key>
    <key name="child-icon-crop-hover" type="d">
      <default>0.8</default>
      <summary>Child Icon Crop Hover</summary>
      <description>A crop factor for the child icon when a child is hovered.</description>
    </key>

    <key name="child-icon-opacity" type="d">
      <default>1.0</default>
      <summary>Child Icon Opacity</summary>
      <description>The opacity of child icons.</description>
    </key>
    <key name="child-icon-opacity-hover" type="d">
      <default>1.0</default>
      <summary>Child Icon Opacity Hover</summary>
      <description>The opacity of child icons when hovered.</description>
    </key>

    <key name="child-background-image" type="s">
      <default>"assets/default-child.svg"</default>
      <summary>Background Image File Path</summary>
      <description>Relative or absolute path to the background image.</description>
    </key>
    <key name="child-background-image-hover" type="s">
      <default>"assets/default-child-highlight.svg"</default>
      <summary>Background Image File Path Hover</summary>
      <description>Relative or absolute path to the background image when hovered.</description>
    </key>

    <key name="child-draw-above" type="b">
      <default>false</default>
      <summary>Child Draw Above</summary>
      <description>If true, children are drawn above their parents.</description>
    </key>


    <!-- Grandchild Item Settings -->

    <key name="grandchild-color-mode" enum="org.gnome.shell.extensions.flypie.GrandchildColorMode">
      <default>"fixed"</default>
      <summary>Grandchild Color Mode</summary>
      <description>If set to parent, the menu's grandchild elements will be colored
                   according to their parent's icons. Else the 'grandchild-color'
                   will be used.</description>
    </key>
    <key name="grandchild-color-mode-hover" enum="org.gnome.shell.extensions.flypie.GrandchildColorMode">
      <default>"fixed"</default>
      <summary>Grandchild Color Mode Hover</summary>
      <description>If set to parent, the menu's grandchild elements will be colored
                   according to their parent's icons. Else the 'grandchild-color'
                   will be used.</description>
    </key>

    <key name="grandchild-fixed-color" type="s">
      <default>"rgba(255, 255, 255, 0)"</default>
      <summary>Grandchild Color</summary>
      <description>The color of the menu's grandchild element.</description>
    </key>
    <key name="grandchild-fixed-color-hover" type="s">
      <default>"rgba(255, 255, 255, 0)"</default>
      <summary>Grandchild Color Hover</summary>
      <description>The color of the menu's grandchild element when hovered.</description>
    </key>

    <key name="grandchild-size" type="d">
      <default>20</default>
      <summary>grandChild Size</summary>
      <description>The size of the grandchildren elements in pixels.</description>
    </key>
    <key name="grandchild-size-hover" type="d">
      <default>23</default>
      <summary>grandChild Size Hover</summary>
      <description>The size of the grandchildren elements in pixels when hovered.</description>
    </key>

    <key name="grandchild-offset" type="d">
      <default>24</default>
      <summary>Grandchild Offset</summary>
      <description>The offset of the grandchildren elements in pixels.</description>
    </key>
    <key name="grandchild-offset-hover" type="d">
      <default>28</default>
      <summary>Grandchild Offset Hover</summary>
      <description>The offset of the grandchildren elements in pixels when hovered.</description>
    </key>

    <key name="grandchild-background-image" type="s">
      <default>"assets/default-grandchild.svg"</default>
      <summary>Background Image File Path</summary>
      <description>Relative or absolute path to the background image.</description>
    </key>
    <key name="grandchild-background-image-hover" type="s">
      <default>"assets/default-grandchild.svg"</default>
      <summary>Background Image File Path Hover</summary>
      <description>Relative or absolute path to the background image when hovered.</description>
    </key>

    <key name="grandchild-draw-above" type="b">
      <default>false</default>
      <summary>Grandchild Draw Above</summary>
      <description>If true, grandchildren are drawn above their parents.</description>
    </key>

    <!-- Trace Settings -->

    <key name="trace-min-length" type="d">
      <default>200</default>
      <summary>Trace Min Length</summary>
      <description>The minimum visualized trace segment length.</description>
    </key>

    <key name="trace-thickness" type="d">
      <default>8</default>
      <summary>Trace Thickness</summary>
      <description>The trace width in pixels.</description>
    </key>

    <key name="trace-color" type="s">
      <default>"rgb(38, 38, 38)"</default>
      <summary>Trace Color</summary>
      <description>The color of the menu's trace.</description>
    </key>

    <!-- Touch Button Settings -->

    <key name="touch-buttons-opacity" type="d">
      <default>0.3</default>
      <summary>Touch button opacity</summary>
      <description>Opacity on inactive touch buttons.</description>
    </key>

    <key name="touch-buttons-show-in-overview-mode" type="b">
      <default>false</default>
      <summary>Show touch buttons in overview mode</summary>
      <description>If set to true, touch buttons are shown in overview mode.</description>
    </key>

    <key name="touch-buttons-show-in-desktop-mode" type="b">
      <default>true</default>
      <summary>Show touch buttons in desktop mode</summary>
      <description>If set to true, touch buttons are shown in desktop mode.</description>
    </key>

    <key name="touch-buttons-show-above-fullscreen" type="b">
      <default>false</default>
      <summary>Show touch buttons above fullscreen</summary>
      <description>If set to true, touch buttons will be shown above fullscreen windows.</description>
    </key>

    <key name="touch-button-positions" type="aah">
      <default>[]</default>
      <summary>Touch Button Positions</summary>
      <description>The monitor number and pixel positions of the touch buttons.</description>
    </key>

    <!-- Behavior Settings -->

    <key name="display-timeout" type="d">
      <default>0</default>
      <summary>Display Timeout</summary>
      <description>Menus will be shown after this many milliseconds.
                   Use this to quickly select items without showing the menu.</description>
    </key>

    <key name="gesture-selection-timeout" type="d">
      <default>100</default>
      <summary>Gesture Selection Timeout</summary>
      <description>If the pointer is stationary for this many milliseconds, 
                   the current item will be selected.</description>
    </key>

    <key name="gesture-jitter-threshold" type="d">
      <default>10</default>
      <summary>Gesture Selection Timeout</summary>
      <description>Smaller movements will not be considered.</description>
    </key>

    <key name="gesture-min-stroke-length" type="d">
      <default>150</default>
      <summary>Gesture Selection Timeout</summary>
      <description>Shorter gestures will not lead to selections.</description>
    </key>

    <key name="gesture-min-stroke-angle" type="d">
      <default>20</default>
      <summary>Gesture Selection Timeout</summary>
      <description>Smaller turns will not lead to selections.</description>
    </key>

    <key name="show-screencast-mouse" type="b">
      <default>false</default>
      <summary>Show screencast mouse</summary>
      <description>If set to true, a big mouse pointer will be shown which can be
                   used for screencasts.</description>
    </key>

    <key name="open-windows-at-pointer" type="b">
      <default>true</default>
      <summary>Open Windows at Pointer</summary>
      <description>If set to true, Fly-Pie will attempt to open new windows at the pointer.</description>
    </key>

    <key name="hover-mode" type="b">
      <default>false</default>
      <summary>Hover Mode</summary>
      <description>If set to true, no clicking is required for selections.</description>
    </key>

    <key name="achievement-notifications" type="b">
      <default>true</default>
      <summary>Achievement Notifications</summary>
      <description>If set to true, notifications for completed achievements will be shown.</description>
    </key>

    <!-- Miscellaneous -->

    <key name="preview-on-right-side" type="b">
      <default>true</default>
      <summary>Preview monitor side</summary>
      <description>If set to true, the preview window opens on the right hand side
                   of the current montor.</description>
    </key>

    <key name="active-stack-child" type="s">
      <default>""</default>
      <summary>Active Stack Child</summary>
      <description>Name of the currently active main stack child.</description>
    </key>

    <!-- Achievements -->

    <key name="stats-achievement-dates" type="a{sx}">
      <default>@a{sx} {}</default>
      <summary>Achievement Dates</summary>
      <description>A list of all unlocked achievement IDs with the corresponding timestamps.</description>
    </key>

    <key name="stats-unread-achievements" type="u">
      <default>0</default>
      <summary>Unread Achievements</summary>
      <description>The number of new achievements.</description>
    </key>

    <key name="stats-best-tutorial-time" type="u">
      <default>9999</default>
      <summary>Best Tutorial Time</summary>
      <description>The best time achieved in the tutorial in milliseconds.</description>
    </key>

    <key name="stats-last-tutorial-time" type="u">
      <default>9999</default>
      <summary>Last Tutorial Time</summary>
      <description>The last achieved time in the tutorial in milliseconds.</description>
    </key>

    <key name="stats-tutorial-menus" type="u">
      <default>0</default>
      <summary>Tutorial Menu Count</summary>
      <description>The total number of times the tutorial menu was opened.</description>
    </key>

    <key name="stats-preview-menus" type="u">
      <default>0</default>
      <summary>Preview Menu Count</summary>
      <description>The total number of times a preview menu was opened.</description>
    </key>

    <key name="stats-selections" type="u">
      <default>0</default>
      <summary>Selection Count</summary>
      <description>The total number of selections.</description>
    </key>

    <key name="stats-gesture-selections-depth1" type="u">
      <default>0</default>
      <summary>Gesture Selection Count Depth 1</summary>
      <description>The total number of gesture selections at depth 1.</description>
    </key>

    <key name="stats-gesture-selections-depth2" type="u">
      <default>0</default>
      <summary>Gesture Selection Count Depth 2</summary>
      <description>The total number of gesture selections at depth 2.</description>
    </key>

    <key name="stats-gesture-selections-depth3" type="u">
      <default>0</default>
      <summary>Gesture Selection Count Depth 3</summary>
      <description>The total number of gesture selections at depth 3.</description>
    </key>

    <key name="stats-click-selections-depth1" type="u">
      <default>0</default>
      <summary>Click Selection Count Depth 1</summary>
      <description>The total number of click selections at depth 1.</description>
    </key>

    <key name="stats-click-selections-depth2" type="u">
      <default>0</default>
      <summary>Click Selection Count Depth 2</summary>
      <description>The total number of click selections at depth 2.</description>
    </key>

    <key name="stats-click-selections-depth3" type="u">
      <default>0</default>
      <summary>Click Selection Count Depth 3</summary>
      <description>The total number of click selections at depth 3.</description>
    </key>


    <key name="stats-selections-1000ms-depth1" type="u">
      <default>0</default>
      <summary>Selection Count 1000ms Depth 1</summary>
      <description>The number of selections at depth 1 faster than 1000ms.</description>
    </key>

    <key name="stats-selections-750ms-depth1" type="u">
      <default>0</default>
      <summary>Selection Count 750ms Depth 1</summary>
      <description>The number of selections at depth 1 faster than 750ms.</description>
    </key>

    <key name="stats-selections-500ms-depth1" type="u">
      <default>0</default>
      <summary>Selection Count 500ms Depth 1</summary>
      <description>The number of selections at depth 1 faster than 500ms.</description>
    </key>

    <key name="stats-selections-250ms-depth1" type="u">
      <default>0</default>
      <summary>Selection Count 250ms Depth 1</summary>
      <description>The number of selections at depth 1 faster than 250ms.</description>
    </key>

    <key name="stats-selections-150ms-depth1" type="u">
      <default>0</default>
      <summary>Selection Count 150ms Depth 1</summary>
      <description>The number of selections at depth 1 faster than 150ms.</description>
    </key>


    <key name="stats-selections-2000ms-depth2" type="u">
      <default>0</default>
      <summary>Selection Count 2000ms Depth 2</summary>
      <description>The number of selections at depth 2 faster than 2000ms.</description>
    </key>

    <key name="stats-selections-1000ms-depth2" type="u">
      <default>0</default>
      <summary>Selection Count 1000ms Depth 2</summary>
      <description>The number of selections at depth 2 faster than 1000ms.</description>
    </key>

    <key name="stats-selections-750ms-depth2" type="u">
      <default>0</default>
      <summary>Selection Count 750ms Depth 2</summary>
      <description>The number of selections at depth 2 faster than 750ms.</description>
    </key>

    <key name="stats-selections-500ms-depth2" type="u">
      <default>0</default>
      <summary>Selection Count 500ms Depth 2</summary>
      <description>The number of selections at depth 2 faster than 500ms.</description>
    </key>

    <key name="stats-selections-250ms-depth2" type="u">
      <default>0</default>
      <summary>Selection Count 250ms Depth 2</summary>
      <description>The number of selections at depth 2 faster than 250ms.</description>
    </key>


    <key name="stats-selections-3000ms-depth3" type="u">
      <default>0</default>
      <summary>Selection Count 3000ms Depth 3</summary>
      <description>The number of selections at depth 3 faster than 3000ms.</description>
    </key>

    <key name="stats-selections-2000ms-depth3" type="u">
      <default>0</default>
      <summary>Selection Count 2000ms Depth 3</summary>
      <description>The number of selections at depth 3 faster than 2000ms.</description>
    </key>

    <key name="stats-selections-1000ms-depth3" type="u">
      <default>0</default>
      <summary>Selection Count 1000ms Depth 3</summary>
      <description>The number of selections at depth 3 faster than 1000ms.</description>
    </key>

    <key name="stats-selections-750ms-depth3" type="u">
      <default>0</default>
      <summary>Selection Count 750ms Depth 3</summary>
      <description>The number of selections at depth 3 faster than 750ms.</description>
    </key>

    <key name="stats-selections-500ms-depth3" type="u">
      <default>0</default>
      <summary>Selection Count 500ms Depth 3</summary>
      <description>The number of selections at depth 3 faster than 500ms.</description>
    </key>


    <key name="stats-abortions" type="u">
      <default>0</default>
      <summary>Abortion Count</summary>
      <description>The number of canceled selections.</description>
    </key>

    <key name="stats-dbus-menus" type="u">
      <default>0</default>
      <summary>Custom D-Bus Menus</summary>
      <description>The number of custom menus opened over the D-Bus.</description>
    </key>

    <key name="stats-settings-opened" type="u">
      <default>0</default>
      <summary>Settings Dialog Openings</summary>
      <description>The number of times the settings dialog has been opnened.</description>
    </key>

    <key name="stats-presets-imported" type="u">
      <default>0</default>
      <summary>Preset Imports</summary>
      <description>The number of times a preset has been imported.</description>
    </key>

    <key name="stats-presets-exported" type="u">
      <default>0</default>
      <summary>Preset Exports</summary>
      <description>The number of times a preset has been exported.</description>
    </key>

    <key name="stats-menus-imported" type="u">
      <default>0</default>
      <summary>Menu Imports</summary>
      <description>The number of times a menu configuration has been imported.</description>
    </key>

    <key name="stats-menus-exported" type="u">
      <default>0</default>
      <summary>Menu Exports</summary>
      <description>The number of times a menu configuration has been exported.</description>
    </key>

    <key name="stats-random-presets" type="u">
      <default>0</default>
      <summary>Random Presets</summary>
      <description>The number of times a random preset has been generated.</description>
    </key>

    <key name="stats-added-items" type="u">
      <default>0</default>
      <summary>Added Items</summary>
      <description>The number items added to menus.</description>
    </key>

    <key name="stats-deleted-all-menus" type="u">
      <default>0</default>
      <summary>Deleted All Menus</summary>
      <description>The number of times all menus have been deleted.</description>
    </key>

    <key name="stats-sponsors-viewed" type="u">
      <default>0</default>
      <summary>Sponsors Viewed</summary>
      <description>The number of times the sponsors menu has been shown.</description>
    </key>

  </schema>
</schemalist>