{
  "_generated": "Generated by SweetTooth, do not edit",
  "description": "A marking menu which can be used to launch applications, simulate hotkeys, open URLs and much more. Once installed, press Ctrl+Space to open the default menu. Open the preferences dialog for an interactive tutorial and for creating custom menus!",
  "donations": {
    "github": "schneegans",
    "kofi": "schneegans",
    "paypal": "simonschneegans"
  },
  "gettext-domain": "flypie",
  "name": "Fly-Pie",
  "settings-schema": "org.gnome.shell.extensions.flypie",
  "shell-version": [
    "45",
    "46",
    "47"
  ],
  "url": "https://github.com/Schneegans/Fly-Pie",
  "uuid": "flypie@schneegans.github.com",
  "version": 27
}