{
  "easing-duration": 0.25,
  "easing-mode": "ease-out",
  "background-color": "rgba(0,0,0,0.177936)",
  "text-color": "rgb(37, 37, 37)",
  "font": "Open Sans 11",
  "label-font": "Open Sans 8",
  "wedge-width": 300,
  "wedge-inner-radius": 43,
  "wedge-color": "rgba(0,0,0,0.129992)",
  "wedge-color-hover": "rgba(0,0,0,0.0747331)",
  "wedge-separator-color": "rgba(210,211,216,0.412811)",
  "wedge-separator-width": 1,
  "center-color-mode": "fixed",
  "center-color-mode-hover": "fixed",
  "center-fixed-color": "rgba(255,255,255,0)",
  "center-fixed-color-hover": "rgba(255,255,255,0)",
  "center-auto-color-saturation": 0.75,
  "center-auto-color-saturation-hover": 0.75,
  "center-auto-color-luminance": 0.8,
  "center-auto-color-luminance-hover": 0.8,
  "center-auto-color-opacity": 0,
  "center-auto-color-opacity-hover": 0,
  "center-size": 110,
  "center-size-hover": 90,
  "center-icon-scale": 0.7,
  "center-icon-scale-hover": 0.7,
  "center-icon-opacity": 0.17,
  "center-icon-opacity-hover": 1,
  "center-icon-crop": 0.8,
  "center-icon-crop-hover": 0.8,
  "center-background-image": "assets/arc.svg",
  "center-background-image-hover": "assets/arc.svg",
  "child-color-mode": "fixed",
  "child-color-mode-hover": "fixed",
  "child-fixed-color": "rgba(255,255,255,0)",
  "child-fixed-color-hover": "rgba(255,255,255,0)",
  "child-auto-color-saturation": 0.9,
  "child-auto-color-saturation-hover": 1,
  "child-auto-color-luminance": 0.7,
  "child-auto-color-luminance-hover": 0.8802816901408451,
  "child-auto-color-opacity": 1,
  "child-auto-color-opacity-hover": 1,
  "child-size": 52,
  "child-size-hover": 68,
  "child-offset": 106,
  "child-offset-hover": 113,
  "child-icon-scale": 0.7,
  "child-icon-scale-hover": 0.7,
  "child-icon-opacity": 1,
  "child-icon-opacity-hover": 1,
  "child-icon-crop": 0.8,
  "child-icon-crop-hover": 0.8,
  "child-background-image": "assets/arc.svg",
  "child-background-image-hover": "assets/arc.svg",
  "child-draw-above": false,
  "grandchild-color-mode": "fixed",
  "grandchild-color-mode-hover": "fixed",
  "grandchild-fixed-color": "rgba(210,211,216,0.52669)",
  "grandchild-fixed-color-hover": "rgba(210,211,216,0.80427)",
  "grandchild-size": 14,
  "grandchild-size-hover": 21,
  "grandchild-offset": 22,
  "grandchild-offset-hover": 31,
  "grandchild-background-image": "",
  "grandchild-background-image-hover": "",
  "grandchild-draw-above": false,
  "trace-min-length": 200,
  "trace-thickness": 4.4,
  "trace-color": "rgba(210,211,216,0.462838)"
}