{
  "easing-duration": 0.25,
  "easing-mode": "ease-out",
  "background-color": "rgba(0,0,0,0.13)",
  "text-color": "rgb(238,238,238)",
  "font": "Cantarell 11",
  "label-font": "Cantarell 8",
  "wedge-width": 300,
  "wedge-inner-radius": 51,
  "wedge-color": "rgba(0,0,0,0.129992)",
  "wedge-color-hover": "rgba(255,255,255,0.014)",
  "wedge-separator-color": "rgba(38,38,38,0.32)",
  "wedge-separator-width": 1,
  "center-color-mode": "fixed",
  "center-color-mode-hover": "fixed",
  "center-fixed-color": "rgba(255,255,255,0)",
  "center-fixed-color-hover": "rgba(255,255,255,0)",
  "center-auto-color-saturation": 0.75,
  "center-auto-color-saturation-hover": 0.75,
  "center-auto-color-luminance": 0.8,
  "center-auto-color-luminance-hover": 0.8,
  "center-auto-color-opacity": 0,
  "center-auto-color-opacity-hover": 0,
  "center-size": 109,
  "center-size-hover": 109,
  "center-icon-scale": 0.55,
  "center-icon-scale-hover": 0.78,
  "center-icon-opacity": 0,
  "center-icon-opacity-hover": 1,
  "center-icon-crop": 0.93,
  "center-icon-crop-hover": 0.75,
  "center-background-image": "assets/default.svg",
  "center-background-image-hover": "assets/default.svg",
  "child-color-mode": "fixed",
  "child-color-mode-hover": "auto",
  "child-fixed-color": "rgba(255,255,255,0)",
  "child-fixed-color-hover": "rgba(255,255,255,0)",
  "child-auto-color-saturation": 0.26,
  "child-auto-color-saturation-hover": 0.9,
  "child-auto-color-luminance": 0.17,
  "child-auto-color-luminance-hover": 0.2,
  "child-auto-color-opacity": 1,
  "child-auto-color-opacity-hover": 1,
  "child-size": 58,
  "child-size-hover": 66,
  "child-offset": 106,
  "child-offset-hover": 113,
  "child-icon-scale": 0.73,
  "child-icon-scale-hover": 0.73,
  "child-icon-opacity": 1,
  "child-icon-opacity-hover": 1,
  "child-icon-crop": 0.8,
  "child-icon-crop-hover": 0.8,
  "child-background-image": "assets/default-child.svg",
  "child-background-image-hover": "assets/default-child-highlight.svg",
  "child-draw-above": false,
  "grandchild-color-mode": "fixed",
  "grandchild-color-mode-hover": "fixed",
  "grandchild-fixed-color": "rgba(255,255,255,0)",
  "grandchild-fixed-color-hover": "rgba(255,255,255,0)",
  "grandchild-size": 20,
  "grandchild-size-hover": 23,
  "grandchild-offset": 24,
  "grandchild-offset-hover": 28,
  "grandchild-background-image": "assets/default-grandchild.svg",
  "grandchild-background-image-hover": "assets/default-grandchild.svg",
  "grandchild-draw-above": false,
  "trace-min-length": 200,
  "trace-thickness": 8,
  "trace-color": "rgb(38,38,38)"
}