{
  "easing-duration": 0.25,
  "easing-mode": "ease-out",
  "background-color": "rgba(0,0,0,0.13)",
  "text-color": "rgb(37, 37, 37)",
  "font": "Open Sans Bold 11",
  "label-font": "Open Sans 8",
  "wedge-width": 300,
  "wedge-inner-radius": 43,
  "wedge-color": "rgba(0,0,0,0.129992)",
  "wedge-color-hover": "rgba(0,0,0,0.0747331)",
  "wedge-separator-color": "rgba(255,255,255,0.16443)",
  "wedge-separator-width": 1,
  "center-color-mode": "fixed",
  "center-color-mode-hover": "fixed",
  "center-fixed-color": "rgba(255,255,255,0)",
  "center-fixed-color-hover": "rgba(255,255,255,0)",
  "center-auto-color-saturation": 0.75,
  "center-auto-color-saturation-hover": 0.75,
  "center-auto-color-luminance": 0.8,
  "center-auto-color-luminance-hover": 0.8,
  "center-auto-color-opacity": 0,
  "center-auto-color-opacity-hover": 0,
  "center-size": 143,
  "center-size-hover": 133,
  "center-icon-scale": 0.93,
  "center-icon-scale-hover": 0.78,
  "center-icon-opacity": 0,
  "center-icon-opacity-hover": 1,
  "center-icon-crop": 0.63,
  "center-icon-crop-hover": 0.63,
  "center-background-image": "assets/orchis.svg",
  "center-background-image-hover": "assets/orchis.svg",
  "child-color-mode": "fixed",
  "child-color-mode-hover": "auto",
  "child-fixed-color": "rgba(255,255,255,0)",
  "child-fixed-color-hover": "rgba(255,255,255,0)",
  "child-auto-color-saturation": 0.9,
  "child-auto-color-saturation-hover": 0.9,
  "child-auto-color-luminance": 0.7,
  "child-auto-color-luminance-hover": 0.7,
  "child-auto-color-opacity": 1,
  "child-auto-color-opacity-hover": 1,
  "child-size": 71,
  "child-size-hover": 89,
  "child-offset": 106,
  "child-offset-hover": 113,
  "child-icon-scale": 0.73,
  "child-icon-scale-hover": 0.73,
  "child-icon-opacity": 1,
  "child-icon-opacity-hover": 1,
  "child-icon-crop": 0.65,
  "child-icon-crop-hover": 0.65,
  "child-background-image": "assets/orchis-child.svg",
  "child-background-image-hover": "assets/orchis-child.svg",
  "child-draw-above": false,
  "grandchild-color-mode": "fixed",
  "grandchild-color-mode-hover": "fixed",
  "grandchild-fixed-color": "rgba(255,255,255,0)",
  "grandchild-fixed-color-hover": "rgb(40,40,40)",
  "grandchild-size": 27,
  "grandchild-size-hover": 33,
  "grandchild-offset": 24,
  "grandchild-offset-hover": 33,
  "grandchild-background-image": "assets/orchis-grandchild.svg",
  "grandchild-background-image-hover": "assets/orchis-grandchild.svg",
  "grandchild-draw-above": false,
  "trace-min-length": 200,
  "trace-thickness": 8,
  "trace-color": "rgba(255,255,255,0.462838)"
}